split,teacher_ckpt,avg_mse_loss,steer_mae,steer_mse,steer_rmse,steer_max_error,steer_r2,speed_mae,speed_mse,speed_rmse,speed_max_error,speed_r2,mse_mean,mae_mean,overall_weighted_mse
valid,/home/jovyan/End2Race/teacher_model/teacher_model_ddp.pth,0.12865517480303057,0.24562770624115532,0.25583418650990225,0.505800540242794,26.68282437324524,0.985883523919655,0.025603426306538606,0.001198795418076751,0.034623625143487664,0.6621818542480469,0.24654829481388052,0.1285164909639895,0.13561556627384697,0.2558941262808061
